<?xml version="1.0" encoding="UTF-8"?>
<library xmlns="http://www.netbeans.org/ns/library-declaration/3" version="3.0">
    <name>wildfly-eclipselink</name>
    <type>j2se</type>
    <volume>
        <type>classpath</type>
        <resource>jar:file:/opt/wildfly-9.0.0.Final/modules/system/layers/base/org/eclipse/persistence/main/eclipselink-2.4.0.jar!/</resource>
    </volume>
    <volume>
        <type>src</type>
    </volume>
    <volume>
        <type>javadoc</type>
    </volume>
    <volume>
        <type>maven-pom</type>
    </volume>
</library>
