<?xml version="1.0" encoding="UTF-8"?>
<library xmlns="http://www.netbeans.org/ns/library-declaration/3" version="3.0">
    <name>wildfly-core-modules</name>
    <type>j2se</type>
    <description>WildFly modules used by the core library</description>
    <volume>
        <type>classpath</type>
        <resource>jar:file:/C:/wildfly-10.0.0.Final/modules/system/layers/base/javax/el/api/main/jboss-el-api_3.0_spec-1.0.5.Final.jar!/</resource>
        <resource>jar:file:/C:/wildfly-10.0.0.Final/modules/system/layers/base/javax/faces/api/main/jboss-jsf-api_2.2_spec-2.2.12.jar!/</resource>
        <resource>jar:file:/C:/wildfly-10.0.0.Final/modules/system/layers/base/javax/jms/api/main/jboss-jms-api_2.0_spec-1.0.0.Final.jar!/</resource>
        <resource>jar:file:/C:/wildfly-10.0.0.Final/modules/system/layers/base/javax/servlet/api/main/jboss-servlet-api_3.1_spec-1.0.0.Final.jar!/</resource>
        <resource>jar:file:/C:/wildfly-10.0.0.Final/modules/system/layers/base/javax/servlet/jsp/api/main/jboss-jsp-api_2.3_spec-1.0.1.Final.jar!/</resource>
    </volume>
    <volume>
        <type>src</type>
    </volume>
    <volume>
        <type>javadoc</type>
    </volume>
    <volume>
        <type>maven-pom</type>
    </volume>
</library>
