<?xml version="1.0" encoding="UTF-8"?>
<library xmlns="http://www.netbeans.org/ns/library-declaration/3" version="3.0">
    <name>jboss-core-modules</name>
    <type>j2se</type>
    <description>JBoss modules used by the core library</description>
    <volume>
        <type>classpath</type>
        <resource>jar:file:/C:/jboss-as-7.1.1.Final/modules/javax/el/api/main/jboss-el-api_2.2_spec-1.0.0.Final.jar!/</resource>
        <resource>jar:file:/C:/jboss-as-7.1.1.Final/modules/javax/faces/api/main/jboss-jsf-api_2.1_spec-2.0.1.Final.jar!/</resource>
        <resource>jar:file:/C:/jboss-as-7.1.1.Final/modules/javax/jms/api/main/jboss-jms-api_1.1_spec-1.0.0.Final.jar!/</resource>
        <resource>jar:file:/C:/jboss-as-7.1.1.Final/modules/javax/servlet/api/main/jboss-servlet-api_3.0_spec-1.0.0.Final.jar!/</resource>
        <resource>jar:file:/C:/jboss-as-7.1.1.Final/modules/javax/servlet/jsp/api/main/jboss-jsp-api_2.2_spec-1.0.0.Final.jar!/</resource>
    </volume>
    <volume>
        <type>src</type>
    </volume>
    <volume>
        <type>javadoc</type>
    </volume>
    <volume>
        <type>maven-pom</type>
    </volume>
</library>
