<?xml version="1.0" encoding="UTF-8"?>
<library xmlns="http://www.netbeans.org/ns/library-declaration/3" version="3.0">
    <name>adalid-runtime-lib-1</name>
    <type>j2se</type>
    <volume>
        <type>classpath</type>
        <resource>jar:file:/C:/workspace/third-party/lib/commons-beanutils-1.8.2.jar!/</resource>
        <resource>jar:file:/C:/workspace/third-party/lib/commons-collections-3.2.1.jar!/</resource>
        <resource>jar:file:/C:/workspace/third-party/lib/commons-digester-2.1.jar!/</resource>
        <resource>jar:file:/C:/workspace/third-party/lib/commons-fileupload-1.2.2.jar!/</resource>
        <resource>jar:file:/C:/workspace/third-party/lib/commons-io-2.1.jar!/</resource>
        <resource>jar:file:/C:/workspace/third-party/lib/commons-javaflow-20060411.jar!/</resource>
        <resource>jar:file:/C:/workspace/third-party/lib/commons-lang-2.6.jar!/</resource>
        <resource>jar:file:/C:/workspace/third-party/lib/commons-logging-1.1.3.jar!/</resource>
        <resource>jar:file:/C:/workspace/third-party/lib/iText-2.1.7.jar!/</resource>
        <resource>jar:file:/C:/workspace/third-party/lib/jasperreports-5.5.1.jar!/</resource>
        <resource>jar:file:/C:/workspace/third-party/lib/jasperreports-fonts-5.5.1.jar!/</resource>
        <resource>jar:file:/C:/workspace/third-party/lib/jasperreports-functions-5.5.1.jar!/</resource>
        <resource>jar:file:/C:/workspace/third-party/lib/jasperreports-javaflow-5.5.1.jar!/</resource>
        <resource>jar:file:/C:/workspace/third-party/lib/jcommon-1.0.15.jar!/</resource>
        <resource>jar:file:/C:/workspace/third-party/lib/jdt-compiler-3.1.1.jar!/</resource>
        <resource>jar:file:/C:/workspace/third-party/lib/jfreechart-1.0.12.jar!/</resource>
        <resource>jar:file:/C:/workspace/third-party/lib/joda-time-1.6.2.jar!/</resource>
        <resource>jar:file:/C:/workspace/third-party/lib/jxl-2.6.10.jar!/</resource>
        <resource>jar:file:/C:/workspace/third-party/lib/log4j-1.2.16.jar!/</resource>
        <resource>jar:file:/C:/workspace/third-party/lib/spring.jar!/</resource>
        <resource>jar:file:/C:/workspace/third-party/lib/velocity-1.7.jar!/</resource>
        <resource>jar:file:/C:/workspace/third-party/lib/visualweb2/modules/ext/appbase.jar!/</resource>
        <resource>jar:file:/C:/workspace/third-party/lib/visualweb2/modules/ext/dataprovider.jar!/</resource>
        <resource>jar:file:/C:/workspace/third-party/lib/visualweb2/modules/ext/errorhandler.jar!/</resource>
        <resource>jar:file:/C:/workspace/third-party/lib/visualweb2/modules/ext/jsf-extensions-common-0.1.jar!/</resource>
        <resource>jar:file:/C:/workspace/third-party/lib/visualweb2/modules/ext/jsf-extensions-dynamic-faces-0.1.jar!/</resource>
        <resource>jar:file:/C:/workspace/third-party/lib/visualweb2/modules/ext/jsfcl.jar!/</resource>
        <resource>jar:file:/C:/workspace/third-party/lib/visualweb2/modules/ext/json-2.jar!/</resource>
        <resource>jar:file:/C:/workspace/third-party/lib/visualweb2/modules/ext/shale-remoting-1.0.4.jar!/</resource>
        <resource>jar:file:/C:/workspace/third-party/lib/visualweb2/modules/ext/sqlx.jar!/</resource>
        <resource>jar:file:/C:/workspace/third-party/lib/visualweb2/modules/ext/webui-jsf.jar!/</resource>
        <resource>jar:file:/C:/workspace/third-party/lib/visualweb2/modules/ext/webui-jsf-suntheme.jar!/</resource>
        <resource>jar:file:/C:/workspace/third-party/lib/visualweb2/modules/ext/locale/webui-jsf_es.jar!/</resource>
        <resource>jar:file:/C:/workspace/third-party/lib/visualweb2/modules/ext/locale/webui-jsf-suntheme_es.jar!/</resource>
    </volume>
    <volume>
        <type>src</type>
    </volume>
    <volume>
        <type>javadoc</type>
    </volume>
    <volume>
        <type>maven-pom</type>
    </volume>
</library>
